genotype	Chromosome	Obs_ASE	Obs_nASE	Ex_ASE	Ex_nASE	MCMCpvalue	Chi	N
AB	Aut	21	1875	26	1870	0.00436499563500437	11.1913028796579	2095
AB	Z	8	191	3	196	0.00436499563500437	11.1913028796579	2095
AA	Aut	83	3224	94	3213	3.3999966000034e-05	24.8834300681475	3505
AA	Z	17	181	6	192	3.3999966000034e-05	24.8834300681475	3505
