genotype	Chromosome	Obs_ASE	Obs_nASE	Ex_ASE	Ex_nASE	MCMCpvalue	Chi	N
AA	Z	17	181	12	186	0.0663769336230664	3.50632055956987	397
AB	Z	8	191	13	186	0.0663769336230664	3.50632055956987	397
