genotype	Chromosome	Obs_ASE	Obs_nASE	Ex_ASE	Ex_nASE	MCMCpvalue	Chi	N
AA	Z	20	201	16	205	0.132419867580132	2.38084594805107	416
AB	Z	10	185	14	181	0.132419867580132	2.38084594805107	416
